model_name,feature_set,case_mae,case_rmse,case_mape
LinearRegression,RPM_ONLY,0.253012213277279,0.3337109331147985,7.004239915244817
Ridge,VIB_FT_RPM,0.33269379548141215,0.5349975048633087,11.093596461739553
Ridge,VIB_FT,0.43988438857913104,0.8947939007945728,16.26062440363678
HistGradientBoostingRegressor,VIB_FT,0.45523136932502334,0.8207768452739667,15.971330662830082
RandomForestRegressor,VIB_FT,0.46684625354745746,0.8066151224888648,16.11119317817558
HistGradientBoostingRegressor,VIB_FT_RPM,0.5776120990374054,0.8480837346778187,17.975068223910494
RandomForestRegressor,VIB_FT_RPM,0.6059613579544526,0.8830170623836487,18.495048329356635
